month,total_value
2024-07,228406.91
2024-08,266174.92
2024-09,273897.68
2024-10,279242.35
2024-11,258851.13999999998
2024-12,264732.77999999997
2025-01,281743.47
2025-02,228191.94
2025-03,287779.6
2025-04,282938.07
2025-05,244971.0
2025-06,264538.14
2025-07,51186.71
